[
{
  "pk": 1, 
  "model": "contenttypes.contenttype", 
  "fields": {
    "model": "permission", 
    "name": "permission", 
    "app_label": "auth"
  }
},
{
  "pk": 2, 
  "model": "contenttypes.contenttype", 
  "fields": {
    "model": "group", 
    "name": "group", 
    "app_label": "auth"
  }
},
{
  "pk": 3, 
  "model": "contenttypes.contenttype", 
  "fields": {
    "model": "user", 
    "name": "user", 
    "app_label": "auth"
  }
},
{
  "pk": 4, 
  "model": "contenttypes.contenttype", 
  "fields": {
    "model": "contenttype", 
    "name": "content type", 
    "app_label": "contenttypes"
  }
},
{
  "pk": 5, 
  "model": "contenttypes.contenttype", 
  "fields": {
    "model": "session", 
    "name": "session", 
    "app_label": "sessions"
  }
},
{
  "pk": 6, 
  "model": "contenttypes.contenttype", 
  "fields": {
    "model": "site", 
    "name": "site", 
    "app_label": "sites"
  }
},
{
  "pk": 7, 
  "model": "contenttypes.contenttype", 
  "fields": {
    "model": "logentry", 
    "name": "log entry", 
    "app_label": "admin"
  }
},
{
  "pk": 8, 
  "model": "contenttypes.contenttype", 
  "fields": {
    "model": "team", 
    "name": "team", 
    "app_label": "teampages"
  }
},
{
  "pk": 9, 
  "model": "contenttypes.contenttype", 
  "fields": {
    "model": "migrationhistory", 
    "name": "migration history", 
    "app_label": "south"
  }
},
{
  "pk": 10, 
  "model": "contenttypes.contenttype", 
  "fields": {
    "model": "trophy", 
    "name": "trophy", 
    "app_label": "teampages"
  }
},
{
  "pk": 11, 
  "model": "contenttypes.contenttype", 
  "fields": {
    "model": "banner", 
    "name": "banner", 
    "app_label": "teampages"
  }
},
{
  "pk": "v1pn3x9oiyjvmucs09ocqmyt79xy94bx", 
  "model": "sessions.session", 
  "fields": {
    "expire_date": "2014-11-08T21:46:07.037Z", 
    "session_data": "YmRlZWZlMmU3NmEwN2RjOTU0MDkxMDIyOWQxNGI1MWQxMTE4MjhkNzp7Il9hdXRoX3VzZXJfYmFja2VuZCI6ImRqYW5nby5jb250cmliLmF1dGguYmFja2VuZHMuTW9kZWxCYWNrZW5kIiwiX2F1dGhfdXNlcl9pZCI6MX0="
  }
},
{
  "pk": 1, 
  "model": "sites.site", 
  "fields": {
    "domain": "example.com", 
    "name": "example.com"
  }
},
{
  "pk": 1, 
  "model": "south.migrationhistory", 
  "fields": {
    "applied": "2014-10-25T21:42:57.036Z", 
    "app_name": "teampages", 
    "migration": "0001_initial"
  }
},
{
  "pk": 2, 
  "model": "south.migrationhistory", 
  "fields": {
    "applied": "2014-10-25T21:58:27.783Z", 
    "app_name": "teampages", 
    "migration": "0002_auto__add_field_banner_player"
  }
},
{
  "pk": 1, 
  "model": "teampages.team", 
  "fields": {
    "name": "Ben", 
    "mascot_image": "rask.jpg"
  }
},
{
  "pk": 2, 
  "model": "teampages.team", 
  "fields": {
    "name": "Andrew", 
    "mascot_image": "kesselusa.jpg"
  }
},
{
  "pk": 3, 
  "model": "teampages.team", 
  "fields": {
    "name": "Evan", 
    "mascot_image": "giordano.jpg"
  }
},
{
  "pk": 4, 
  "model": "teampages.team", 
  "fields": {
    "name": "Graham", 
    "mascot_image": "dsedin.png"
  }
},
{
  "pk": 5, 
  "model": "teampages.team", 
  "fields": {
    "name": "Matt", 
    "mascot_image": "stamkos.jpg"
  }
},
{
  "pk": 6, 
  "model": "teampages.team", 
  "fields": {
    "name": "Nick", 
    "mascot_image": "lundqvist.jpg"
  }
},
{
  "pk": 7, 
  "model": "teampages.team", 
  "fields": {
    "name": "Sam", 
    "mascot_image": "bouwmeester.jpg"
  }
},
{
  "pk": 8, 
  "model": "teampages.team", 
  "fields": {
    "name": "Tyler", 
    "mascot_image": "tavares.jpg"
  }
},
{
  "pk": 1, 
  "model": "teampages.trophy", 
  "fields": {
    "name": "Playoff Chamipions"
  }
},
{
  "pk": 2, 
  "model": "teampages.trophy", 
  "fields": {
    "name": "Regular Season Champions"
  }
},
{
  "pk": 3, 
  "model": "teampages.trophy", 
  "fields": {
    "name": "Art Ross Trophy"
  }
},
{
  "pk": 4, 
  "model": "teampages.trophy", 
  "fields": {
    "name": "Hart Trophy"
  }
},
{
  "pk": 5, 
  "model": "teampages.trophy", 
  "fields": {
    "name": "Ted Lindsay Award"
  }
},
{
  "pk": 6, 
  "model": "teampages.trophy", 
  "fields": {
    "name": "Maurice Richard Trophy"
  }
},
{
  "pk": 7, 
  "model": "teampages.trophy", 
  "fields": {
    "name": "Norris Trophy"
  }
},
{
  "pk": 8, 
  "model": "teampages.trophy", 
  "fields": {
    "name": "Selke Trophy"
  }
},
{
  "pk": 9, 
  "model": "teampages.trophy", 
  "fields": {
    "name": "Calder Trophy"
  }
},
{
  "pk": 10, 
  "model": "teampages.trophy", 
  "fields": {
    "name": "Vezina Trophy"
  }
},
{
  "pk": 11, 
  "model": "teampages.trophy", 
  "fields": {
    "name": "Conn Smythe Trophy"
  }
},
{
  "pk": 12, 
  "model": "teampages.trophy", 
  "fields": {
    "name": "Regular Season Runner-Up"
  }
},
{
  "pk": 13, 
  "model": "teampages.trophy", 
  "fields": {
    "name": "Playoff Runner-Up"
  }
},
{
  "pk": 14, 
  "model": "teampages.trophy", 
  "fields": {
    "name": "Regular Season Third Place"
  }
},
{
  "pk": 1, 
  "model": "teampages.banner", 
  "fields": {
    "trophy": 2, 
    "player": "", 
    "year": 2014, 
    "team": 5
  }
},
{
  "pk": 2, 
  "model": "teampages.banner", 
  "fields": {
    "trophy": 13, 
    "player": "", 
    "year": 2014, 
    "team": 5
  }
},
{
  "pk": 3, 
  "model": "teampages.banner", 
  "fields": {
    "trophy": 3, 
    "player": "Sidney Crosby", 
    "year": 2014, 
    "team": 5
  }
},
{
  "pk": 4, 
  "model": "teampages.banner", 
  "fields": {
    "trophy": 4, 
    "player": "Sidney Crosby", 
    "year": 2014, 
    "team": 5
  }
},
{
  "pk": 5, 
  "model": "teampages.banner", 
  "fields": {
    "trophy": 5, 
    "player": "Sidney Crosby", 
    "year": 2014, 
    "team": 5
  }
},
{
  "pk": 6, 
  "model": "teampages.banner", 
  "fields": {
    "trophy": 12, 
    "player": "", 
    "year": 2014, 
    "team": 2
  }
},
{
  "pk": 7, 
  "model": "teampages.banner", 
  "fields": {
    "trophy": 1, 
    "player": "", 
    "year": 2014, 
    "team": 2
  }
},
{
  "pk": 8, 
  "model": "teampages.banner", 
  "fields": {
    "trophy": 9, 
    "player": "Nathan MacKinnon", 
    "year": 2014, 
    "team": 2
  }
},
{
  "pk": 9, 
  "model": "teampages.banner", 
  "fields": {
    "trophy": 11, 
    "player": "Justin Williams *", 
    "year": 2014, 
    "team": 2
  }
},
{
  "pk": 10, 
  "model": "teampages.banner", 
  "fields": {
    "trophy": 14, 
    "player": "", 
    "year": 2014, 
    "team": 8
  }
},
{
  "pk": 11, 
  "model": "teampages.banner", 
  "fields": {
    "trophy": 6, 
    "player": "Alexander Ovechkin", 
    "year": 2014, 
    "team": 8
  }
},
{
  "pk": 12, 
  "model": "teampages.banner", 
  "fields": {
    "trophy": 10, 
    "player": "Tuuka Rask", 
    "year": 2014, 
    "team": 1
  }
},
{
  "pk": 13, 
  "model": "teampages.banner", 
  "fields": {
    "trophy": 7, 
    "player": "Duncan Keith", 
    "year": 2014, 
    "team": 1
  }
},
{
  "pk": 14, 
  "model": "teampages.banner", 
  "fields": {
    "trophy": 2, 
    "player": "", 
    "year": 2013, 
    "team": 2
  }
},
{
  "pk": 15, 
  "model": "teampages.banner", 
  "fields": {
    "trophy": 12, 
    "player": "", 
    "year": 2013, 
    "team": 5
  }
},
{
  "pk": 16, 
  "model": "teampages.banner", 
  "fields": {
    "trophy": 13, 
    "player": "", 
    "year": 2013, 
    "team": 5
  }
},
{
  "pk": 17, 
  "model": "teampages.banner", 
  "fields": {
    "trophy": 11, 
    "player": "Patrick Kane", 
    "year": 2013, 
    "team": 5
  }
},
{
  "pk": 18, 
  "model": "teampages.banner", 
  "fields": {
    "trophy": 7, 
    "player": "P.K. Subban", 
    "year": 2013, 
    "team": 2
  }
},
{
  "pk": 19, 
  "model": "teampages.banner", 
  "fields": {
    "trophy": 5, 
    "player": "Sidney Crosby", 
    "year": 2013, 
    "team": 2
  }
},
{
  "pk": 20, 
  "model": "teampages.banner", 
  "fields": {
    "trophy": 9, 
    "player": "Johnathan Huberdeau", 
    "year": 2013, 
    "team": 2
  }
},
{
  "pk": 21, 
  "model": "teampages.banner", 
  "fields": {
    "trophy": 4, 
    "player": "Alexander Ovechkin", 
    "year": 2013, 
    "team": 2
  }
},
{
  "pk": 22, 
  "model": "teampages.banner", 
  "fields": {
    "trophy": 6, 
    "player": "Alexander Ovechkin", 
    "year": 2013, 
    "team": 2
  }
},
{
  "pk": 23, 
  "model": "teampages.banner", 
  "fields": {
    "trophy": 3, 
    "player": "Martin St. Louis", 
    "year": 2013, 
    "team": 6
  }
},
{
  "pk": 24, 
  "model": "teampages.banner", 
  "fields": {
    "trophy": 1, 
    "player": "", 
    "year": 2012, 
    "team": 5
  }
},
{
  "pk": 25, 
  "model": "teampages.banner", 
  "fields": {
    "trophy": 13, 
    "player": "", 
    "year": 2012, 
    "team": 1
  }
},
{
  "pk": 26, 
  "model": "teampages.banner", 
  "fields": {
    "trophy": 2, 
    "player": "", 
    "year": 2012, 
    "team": 2
  }
},
{
  "pk": 27, 
  "model": "teampages.banner", 
  "fields": {
    "trophy": 6, 
    "player": "", 
    "year": 2012, 
    "team": 5
  }
},
{
  "pk": 28, 
  "model": "teampages.banner", 
  "fields": {
    "trophy": 12, 
    "player": "", 
    "year": 2012, 
    "team": 5
  }
},
{
  "pk": 29, 
  "model": "teampages.banner", 
  "fields": {
    "trophy": 11, 
    "player": "", 
    "year": 2012, 
    "team": 5
  }
},
{
  "pk": 30, 
  "model": "teampages.banner", 
  "fields": {
    "trophy": 3, 
    "player": "Evgeni Malkin", 
    "year": 2012, 
    "team": 2
  }
},
{
  "pk": 31, 
  "model": "teampages.banner", 
  "fields": {
    "trophy": 4, 
    "player": "Evgeni Malkin", 
    "year": 2012, 
    "team": 2
  }
},
{
  "pk": 32, 
  "model": "teampages.banner", 
  "fields": {
    "trophy": 5, 
    "player": "Evgeni Malkin", 
    "year": 2012, 
    "team": 2
  }
},
{
  "pk": 33, 
  "model": "teampages.banner", 
  "fields": {
    "trophy": 9, 
    "player": "Gabriel Landeskog", 
    "year": 2012, 
    "team": 2
  }
},
{
  "pk": 34, 
  "model": "teampages.banner", 
  "fields": {
    "trophy": 10, 
    "player": "Henrik Lundqvist", 
    "year": 2012, 
    "team": 6
  }
},
{
  "pk": 35, 
  "model": "teampages.banner", 
  "fields": {
    "trophy": 7, 
    "player": "Erik Karlsson", 
    "year": 2012, 
    "team": 8
  }
},
{
  "pk": 36, 
  "model": "teampages.banner", 
  "fields": {
    "trophy": 2, 
    "player": "", 
    "year": 2011, 
    "team": 5
  }
},
{
  "pk": 37, 
  "model": "teampages.banner", 
  "fields": {
    "trophy": 1, 
    "player": "", 
    "year": 2011, 
    "team": 5
  }
},
{
  "pk": 38, 
  "model": "teampages.banner", 
  "fields": {
    "trophy": 11, 
    "player": "Tim Thomas", 
    "year": 2011, 
    "team": 5
  }
},
{
  "pk": 39, 
  "model": "teampages.banner", 
  "fields": {
    "trophy": 10, 
    "player": "Tim Thomas", 
    "year": 2011, 
    "team": 5
  }
},
{
  "pk": 40, 
  "model": "teampages.banner", 
  "fields": {
    "trophy": 14, 
    "player": "", 
    "year": 2011, 
    "team": 8
  }
},
{
  "pk": 41, 
  "model": "teampages.banner", 
  "fields": {
    "trophy": 13, 
    "player": "", 
    "year": 2011, 
    "team": 8
  }
},
{
  "pk": 42, 
  "model": "teampages.banner", 
  "fields": {
    "trophy": 3, 
    "player": "Daniel Sedin", 
    "year": 2011, 
    "team": 8
  }
},
{
  "pk": 43, 
  "model": "teampages.banner", 
  "fields": {
    "trophy": 5, 
    "player": "Daniel Sedin", 
    "year": 2011, 
    "team": 8
  }
},
{
  "pk": 44, 
  "model": "teampages.banner", 
  "fields": {
    "trophy": 8, 
    "player": "Ryan Kesler", 
    "year": 2011, 
    "team": 8
  }
},
{
  "pk": 45, 
  "model": "teampages.banner", 
  "fields": {
    "trophy": 4, 
    "player": "Correy Perry", 
    "year": 2011, 
    "team": 2
  }
},
{
  "pk": 46, 
  "model": "teampages.banner", 
  "fields": {
    "trophy": 6, 
    "player": "Correy Perry", 
    "year": 2011, 
    "team": 2
  }
},
{
  "pk": 47, 
  "model": "teampages.banner", 
  "fields": {
    "trophy": 9, 
    "player": "Jeff Skinner", 
    "year": 2011, 
    "team": 2
  }
},
{
  "pk": 1, 
  "model": "auth.permission", 
  "fields": {
    "codename": "add_permission", 
    "name": "Can add permission", 
    "content_type": 1
  }
},
{
  "pk": 2, 
  "model": "auth.permission", 
  "fields": {
    "codename": "change_permission", 
    "name": "Can change permission", 
    "content_type": 1
  }
},
{
  "pk": 3, 
  "model": "auth.permission", 
  "fields": {
    "codename": "delete_permission", 
    "name": "Can delete permission", 
    "content_type": 1
  }
},
{
  "pk": 4, 
  "model": "auth.permission", 
  "fields": {
    "codename": "add_group", 
    "name": "Can add group", 
    "content_type": 2
  }
},
{
  "pk": 5, 
  "model": "auth.permission", 
  "fields": {
    "codename": "change_group", 
    "name": "Can change group", 
    "content_type": 2
  }
},
{
  "pk": 6, 
  "model": "auth.permission", 
  "fields": {
    "codename": "delete_group", 
    "name": "Can delete group", 
    "content_type": 2
  }
},
{
  "pk": 7, 
  "model": "auth.permission", 
  "fields": {
    "codename": "add_user", 
    "name": "Can add user", 
    "content_type": 3
  }
},
{
  "pk": 8, 
  "model": "auth.permission", 
  "fields": {
    "codename": "change_user", 
    "name": "Can change user", 
    "content_type": 3
  }
},
{
  "pk": 9, 
  "model": "auth.permission", 
  "fields": {
    "codename": "delete_user", 
    "name": "Can delete user", 
    "content_type": 3
  }
},
{
  "pk": 10, 
  "model": "auth.permission", 
  "fields": {
    "codename": "add_contenttype", 
    "name": "Can add content type", 
    "content_type": 4
  }
},
{
  "pk": 11, 
  "model": "auth.permission", 
  "fields": {
    "codename": "change_contenttype", 
    "name": "Can change content type", 
    "content_type": 4
  }
},
{
  "pk": 12, 
  "model": "auth.permission", 
  "fields": {
    "codename": "delete_contenttype", 
    "name": "Can delete content type", 
    "content_type": 4
  }
},
{
  "pk": 13, 
  "model": "auth.permission", 
  "fields": {
    "codename": "add_session", 
    "name": "Can add session", 
    "content_type": 5
  }
},
{
  "pk": 14, 
  "model": "auth.permission", 
  "fields": {
    "codename": "change_session", 
    "name": "Can change session", 
    "content_type": 5
  }
},
{
  "pk": 15, 
  "model": "auth.permission", 
  "fields": {
    "codename": "delete_session", 
    "name": "Can delete session", 
    "content_type": 5
  }
},
{
  "pk": 16, 
  "model": "auth.permission", 
  "fields": {
    "codename": "add_site", 
    "name": "Can add site", 
    "content_type": 6
  }
},
{
  "pk": 17, 
  "model": "auth.permission", 
  "fields": {
    "codename": "change_site", 
    "name": "Can change site", 
    "content_type": 6
  }
},
{
  "pk": 18, 
  "model": "auth.permission", 
  "fields": {
    "codename": "delete_site", 
    "name": "Can delete site", 
    "content_type": 6
  }
},
{
  "pk": 19, 
  "model": "auth.permission", 
  "fields": {
    "codename": "add_logentry", 
    "name": "Can add log entry", 
    "content_type": 7
  }
},
{
  "pk": 20, 
  "model": "auth.permission", 
  "fields": {
    "codename": "change_logentry", 
    "name": "Can change log entry", 
    "content_type": 7
  }
},
{
  "pk": 21, 
  "model": "auth.permission", 
  "fields": {
    "codename": "delete_logentry", 
    "name": "Can delete log entry", 
    "content_type": 7
  }
},
{
  "pk": 22, 
  "model": "auth.permission", 
  "fields": {
    "codename": "add_team", 
    "name": "Can add team", 
    "content_type": 8
  }
},
{
  "pk": 23, 
  "model": "auth.permission", 
  "fields": {
    "codename": "change_team", 
    "name": "Can change team", 
    "content_type": 8
  }
},
{
  "pk": 24, 
  "model": "auth.permission", 
  "fields": {
    "codename": "delete_team", 
    "name": "Can delete team", 
    "content_type": 8
  }
},
{
  "pk": 25, 
  "model": "auth.permission", 
  "fields": {
    "codename": "add_migrationhistory", 
    "name": "Can add migration history", 
    "content_type": 9
  }
},
{
  "pk": 26, 
  "model": "auth.permission", 
  "fields": {
    "codename": "change_migrationhistory", 
    "name": "Can change migration history", 
    "content_type": 9
  }
},
{
  "pk": 27, 
  "model": "auth.permission", 
  "fields": {
    "codename": "delete_migrationhistory", 
    "name": "Can delete migration history", 
    "content_type": 9
  }
},
{
  "pk": 28, 
  "model": "auth.permission", 
  "fields": {
    "codename": "add_trophy", 
    "name": "Can add trophy", 
    "content_type": 10
  }
},
{
  "pk": 29, 
  "model": "auth.permission", 
  "fields": {
    "codename": "change_trophy", 
    "name": "Can change trophy", 
    "content_type": 10
  }
},
{
  "pk": 30, 
  "model": "auth.permission", 
  "fields": {
    "codename": "delete_trophy", 
    "name": "Can delete trophy", 
    "content_type": 10
  }
},
{
  "pk": 31, 
  "model": "auth.permission", 
  "fields": {
    "codename": "add_banner", 
    "name": "Can add banner", 
    "content_type": 11
  }
},
{
  "pk": 32, 
  "model": "auth.permission", 
  "fields": {
    "codename": "change_banner", 
    "name": "Can change banner", 
    "content_type": 11
  }
},
{
  "pk": 33, 
  "model": "auth.permission", 
  "fields": {
    "codename": "delete_banner", 
    "name": "Can delete banner", 
    "content_type": 11
  }
},
{
  "pk": 1, 
  "model": "auth.user", 
  "fields": {
    "username": "benmiller", 
    "first_name": "", 
    "last_name": "", 
    "is_active": true, 
    "is_superuser": true, 
    "is_staff": true, 
    "last_login": "2014-10-25T21:46:07.035Z", 
    "groups": [], 
    "user_permissions": [], 
    "password": "pbkdf2_sha256$12000$FL6f9gH4Cpco$O729AGWyW0siQRl7EsHRYGRSeYfIpa6N9mSvP3GpbHI=", 
    "email": "benmiller313@gmail.com", 
    "date_joined": "2014-10-25T06:16:06.682Z"
  }
},
{
  "pk": 1, 
  "model": "admin.logentry", 
  "fields": {
    "action_flag": 1, 
    "action_time": "2014-10-25T21:49:02.260Z", 
    "object_repr": "Playoff Chamipionship", 
    "object_id": "1", 
    "change_message": "", 
    "user": 1, 
    "content_type": 10
  }
},
{
  "pk": 2, 
  "model": "admin.logentry", 
  "fields": {
    "action_flag": 1, 
    "action_time": "2014-10-25T21:49:17.412Z", 
    "object_repr": "Regular Season Championship", 
    "object_id": "2", 
    "change_message": "", 
    "user": 1, 
    "content_type": 10
  }
},
{
  "pk": 3, 
  "model": "admin.logentry", 
  "fields": {
    "action_flag": 1, 
    "action_time": "2014-10-25T21:51:17.788Z", 
    "object_repr": "Art Ross Trophy", 
    "object_id": "3", 
    "change_message": "", 
    "user": 1, 
    "content_type": 10
  }
},
{
  "pk": 4, 
  "model": "admin.logentry", 
  "fields": {
    "action_flag": 1, 
    "action_time": "2014-10-25T21:51:27.352Z", 
    "object_repr": "Hart Trophy", 
    "object_id": "4", 
    "change_message": "", 
    "user": 1, 
    "content_type": 10
  }
},
{
  "pk": 5, 
  "model": "admin.logentry", 
  "fields": {
    "action_flag": 1, 
    "action_time": "2014-10-25T21:51:37.584Z", 
    "object_repr": "Ted Lindsay Award", 
    "object_id": "5", 
    "change_message": "", 
    "user": 1, 
    "content_type": 10
  }
},
{
  "pk": 6, 
  "model": "admin.logentry", 
  "fields": {
    "action_flag": 1, 
    "action_time": "2014-10-25T21:51:55.191Z", 
    "object_repr": "Maurice Richard Trophy", 
    "object_id": "6", 
    "change_message": "", 
    "user": 1, 
    "content_type": 10
  }
},
{
  "pk": 7, 
  "model": "admin.logentry", 
  "fields": {
    "action_flag": 1, 
    "action_time": "2014-10-25T21:52:01.764Z", 
    "object_repr": "Norris Trophy", 
    "object_id": "7", 
    "change_message": "", 
    "user": 1, 
    "content_type": 10
  }
},
{
  "pk": 8, 
  "model": "admin.logentry", 
  "fields": {
    "action_flag": 1, 
    "action_time": "2014-10-25T21:52:08.129Z", 
    "object_repr": "Selke Trophy", 
    "object_id": "8", 
    "change_message": "", 
    "user": 1, 
    "content_type": 10
  }
},
{
  "pk": 9, 
  "model": "admin.logentry", 
  "fields": {
    "action_flag": 1, 
    "action_time": "2014-10-25T21:52:15.506Z", 
    "object_repr": "Calder Trophy", 
    "object_id": "9", 
    "change_message": "", 
    "user": 1, 
    "content_type": 10
  }
},
{
  "pk": 10, 
  "model": "admin.logentry", 
  "fields": {
    "action_flag": 1, 
    "action_time": "2014-10-25T21:52:28.792Z", 
    "object_repr": "Vezina Trophy", 
    "object_id": "10", 
    "change_message": "", 
    "user": 1, 
    "content_type": 10
  }
},
{
  "pk": 11, 
  "model": "admin.logentry", 
  "fields": {
    "action_flag": 1, 
    "action_time": "2014-10-25T21:52:50.469Z", 
    "object_repr": "Conn Smythe Trophy", 
    "object_id": "11", 
    "change_message": "", 
    "user": 1, 
    "content_type": 10
  }
},
{
  "pk": 12, 
  "model": "admin.logentry", 
  "fields": {
    "action_flag": 1, 
    "action_time": "2014-10-25T22:03:31.127Z", 
    "object_repr": "Regular Season Runner-Up", 
    "object_id": "12", 
    "change_message": "", 
    "user": 1, 
    "content_type": 10
  }
},
{
  "pk": 13, 
  "model": "admin.logentry", 
  "fields": {
    "action_flag": 1, 
    "action_time": "2014-10-25T22:03:50.369Z", 
    "object_repr": "Playoff Runner-Up", 
    "object_id": "13", 
    "change_message": "", 
    "user": 1, 
    "content_type": 10
  }
},
{
  "pk": 14, 
  "model": "admin.logentry", 
  "fields": {
    "action_flag": 1, 
    "action_time": "2014-10-25T22:04:06.776Z", 
    "object_repr": "Regular Season Third Place", 
    "object_id": "14", 
    "change_message": "", 
    "user": 1, 
    "content_type": 10
  }
},
{
  "pk": 15, 
  "model": "admin.logentry", 
  "fields": {
    "action_flag": 1, 
    "action_time": "2014-10-25T22:06:56.572Z", 
    "object_repr": "Regular Season Championship - 2014", 
    "object_id": "1", 
    "change_message": "", 
    "user": 1, 
    "content_type": 11
  }
},
{
  "pk": 16, 
  "model": "admin.logentry", 
  "fields": {
    "action_flag": 1, 
    "action_time": "2014-10-25T22:07:33.351Z", 
    "object_repr": "Playoff Runner-Up - 2014", 
    "object_id": "2", 
    "change_message": "", 
    "user": 1, 
    "content_type": 11
  }
},
{
  "pk": 17, 
  "model": "admin.logentry", 
  "fields": {
    "action_flag": 1, 
    "action_time": "2014-10-25T22:08:13.820Z", 
    "object_repr": "Art Ross Trophy - 2014", 
    "object_id": "3", 
    "change_message": "", 
    "user": 1, 
    "content_type": 11
  }
},
{
  "pk": 18, 
  "model": "admin.logentry", 
  "fields": {
    "action_flag": 1, 
    "action_time": "2014-10-25T22:08:30.297Z", 
    "object_repr": "Hart Trophy - 2014", 
    "object_id": "4", 
    "change_message": "", 
    "user": 1, 
    "content_type": 11
  }
},
{
  "pk": 19, 
  "model": "admin.logentry", 
  "fields": {
    "action_flag": 1, 
    "action_time": "2014-10-25T22:08:42.610Z", 
    "object_repr": "Ted Lindsay Award - 2014", 
    "object_id": "5", 
    "change_message": "", 
    "user": 1, 
    "content_type": 11
  }
},
{
  "pk": 20, 
  "model": "admin.logentry", 
  "fields": {
    "action_flag": 1, 
    "action_time": "2014-10-25T22:08:58.131Z", 
    "object_repr": "Regular Season Runner-Up - 2014", 
    "object_id": "6", 
    "change_message": "", 
    "user": 1, 
    "content_type": 11
  }
},
{
  "pk": 21, 
  "model": "admin.logentry", 
  "fields": {
    "action_flag": 1, 
    "action_time": "2014-10-25T22:09:20.482Z", 
    "object_repr": "Playoff Chamipionship - 2014", 
    "object_id": "7", 
    "change_message": "", 
    "user": 1, 
    "content_type": 11
  }
},
{
  "pk": 22, 
  "model": "admin.logentry", 
  "fields": {
    "action_flag": 1, 
    "action_time": "2014-10-25T22:09:48.732Z", 
    "object_repr": "Calder Trophy - 2014", 
    "object_id": "8", 
    "change_message": "", 
    "user": 1, 
    "content_type": 11
  }
},
{
  "pk": 23, 
  "model": "admin.logentry", 
  "fields": {
    "action_flag": 1, 
    "action_time": "2014-10-25T22:10:25.685Z", 
    "object_repr": "Conn Smythe Trophy - 2014", 
    "object_id": "9", 
    "change_message": "", 
    "user": 1, 
    "content_type": 11
  }
},
{
  "pk": 24, 
  "model": "admin.logentry", 
  "fields": {
    "action_flag": 1, 
    "action_time": "2014-10-25T22:10:52.281Z", 
    "object_repr": "Regular Season Third Place - 2014", 
    "object_id": "10", 
    "change_message": "", 
    "user": 1, 
    "content_type": 11
  }
},
{
  "pk": 25, 
  "model": "admin.logentry", 
  "fields": {
    "action_flag": 1, 
    "action_time": "2014-10-25T22:11:41.857Z", 
    "object_repr": "Maurice Richard Trophy - 2014", 
    "object_id": "11", 
    "change_message": "", 
    "user": 1, 
    "content_type": 11
  }
},
{
  "pk": 26, 
  "model": "admin.logentry", 
  "fields": {
    "action_flag": 1, 
    "action_time": "2014-10-25T22:12:09.910Z", 
    "object_repr": "Vezina Trophy - 2014", 
    "object_id": "12", 
    "change_message": "", 
    "user": 1, 
    "content_type": 11
  }
},
{
  "pk": 27, 
  "model": "admin.logentry", 
  "fields": {
    "action_flag": 1, 
    "action_time": "2014-10-25T22:12:26.355Z", 
    "object_repr": "Norris Trophy - 2014", 
    "object_id": "13", 
    "change_message": "", 
    "user": 1, 
    "content_type": 11
  }
},
{
  "pk": 28, 
  "model": "admin.logentry", 
  "fields": {
    "action_flag": 2, 
    "action_time": "2014-10-25T22:22:43.319Z", 
    "object_repr": "Playoff Chamipion", 
    "object_id": "1", 
    "change_message": "Changed name.", 
    "user": 1, 
    "content_type": 10
  }
},
{
  "pk": 29, 
  "model": "admin.logentry", 
  "fields": {
    "action_flag": 2, 
    "action_time": "2014-10-25T22:22:48.640Z", 
    "object_repr": "Regular Season Champion", 
    "object_id": "2", 
    "change_message": "Changed name.", 
    "user": 1, 
    "content_type": 10
  }
},
{
  "pk": 30, 
  "model": "admin.logentry", 
  "fields": {
    "action_flag": 2, 
    "action_time": "2014-10-25T22:22:53.834Z", 
    "object_repr": "Playoff Chamipions", 
    "object_id": "1", 
    "change_message": "Changed name.", 
    "user": 1, 
    "content_type": 10
  }
},
{
  "pk": 31, 
  "model": "admin.logentry", 
  "fields": {
    "action_flag": 2, 
    "action_time": "2014-10-25T22:22:57.123Z", 
    "object_repr": "Regular Season Champions", 
    "object_id": "2", 
    "change_message": "Changed name.", 
    "user": 1, 
    "content_type": 10
  }
},
{
  "pk": 32, 
  "model": "admin.logentry", 
  "fields": {
    "action_flag": 2, 
    "action_time": "2014-10-25T22:49:00.419Z", 
    "object_repr": "Ted Lindsay Award - 2014", 
    "object_id": "5", 
    "change_message": "Changed player.", 
    "user": 1, 
    "content_type": 11
  }
},
{
  "pk": 33, 
  "model": "admin.logentry", 
  "fields": {
    "action_flag": 2, 
    "action_time": "2014-10-25T22:49:08.298Z", 
    "object_repr": "Conn Smythe Trophy - 2014", 
    "object_id": "9", 
    "change_message": "Changed player.", 
    "user": 1, 
    "content_type": 11
  }
},
{
  "pk": 34, 
  "model": "admin.logentry", 
  "fields": {
    "action_flag": 1, 
    "action_time": "2014-10-26T00:46:31.528Z", 
    "object_repr": "Regular Season Champions - 2013", 
    "object_id": "14", 
    "change_message": "", 
    "user": 1, 
    "content_type": 11
  }
},
{
  "pk": 35, 
  "model": "admin.logentry", 
  "fields": {
    "action_flag": 1, 
    "action_time": "2014-10-26T00:46:40.626Z", 
    "object_repr": "Regular Season Runner-Up - 2013", 
    "object_id": "15", 
    "change_message": "", 
    "user": 1, 
    "content_type": 11
  }
},
{
  "pk": 36, 
  "model": "admin.logentry", 
  "fields": {
    "action_flag": 1, 
    "action_time": "2014-10-26T00:47:24.780Z", 
    "object_repr": "Playoff Runner-Up - 2013", 
    "object_id": "16", 
    "change_message": "", 
    "user": 1, 
    "content_type": 11
  }
},
{
  "pk": 37, 
  "model": "admin.logentry", 
  "fields": {
    "action_flag": 1, 
    "action_time": "2014-10-26T00:47:55.591Z", 
    "object_repr": "Conn Smythe Trophy - 2013", 
    "object_id": "17", 
    "change_message": "", 
    "user": 1, 
    "content_type": 11
  }
},
{
  "pk": 38, 
  "model": "admin.logentry", 
  "fields": {
    "action_flag": 1, 
    "action_time": "2014-10-26T00:48:12.240Z", 
    "object_repr": "Norris Trophy - 2013", 
    "object_id": "18", 
    "change_message": "", 
    "user": 1, 
    "content_type": 11
  }
},
{
  "pk": 39, 
  "model": "admin.logentry", 
  "fields": {
    "action_flag": 1, 
    "action_time": "2014-10-26T00:48:29.531Z", 
    "object_repr": "Ted Lindsay Award - 2013", 
    "object_id": "19", 
    "change_message": "", 
    "user": 1, 
    "content_type": 11
  }
},
{
  "pk": 40, 
  "model": "admin.logentry", 
  "fields": {
    "action_flag": 1, 
    "action_time": "2014-10-26T00:48:48.131Z", 
    "object_repr": "Calder Trophy - 2013", 
    "object_id": "20", 
    "change_message": "", 
    "user": 1, 
    "content_type": 11
  }
},
{
  "pk": 41, 
  "model": "admin.logentry", 
  "fields": {
    "action_flag": 1, 
    "action_time": "2014-10-26T00:49:09.900Z", 
    "object_repr": "Hart Trophy - 2013", 
    "object_id": "21", 
    "change_message": "", 
    "user": 1, 
    "content_type": 11
  }
},
{
  "pk": 42, 
  "model": "admin.logentry", 
  "fields": {
    "action_flag": 1, 
    "action_time": "2014-10-26T00:49:30.488Z", 
    "object_repr": "Maurice Richard Trophy - 2013", 
    "object_id": "22", 
    "change_message": "", 
    "user": 1, 
    "content_type": 11
  }
},
{
  "pk": 43, 
  "model": "admin.logentry", 
  "fields": {
    "action_flag": 1, 
    "action_time": "2014-10-26T00:49:46.487Z", 
    "object_repr": "Art Ross Trophy - 2013", 
    "object_id": "23", 
    "change_message": "", 
    "user": 1, 
    "content_type": 11
  }
},
{
  "pk": 44, 
  "model": "admin.logentry", 
  "fields": {
    "action_flag": 1, 
    "action_time": "2014-10-26T06:44:28.420Z", 
    "object_repr": "Playoff Chamipions - 2012", 
    "object_id": "24", 
    "change_message": "", 
    "user": 1, 
    "content_type": 11
  }
},
{
  "pk": 45, 
  "model": "admin.logentry", 
  "fields": {
    "action_flag": 1, 
    "action_time": "2014-10-26T06:44:36.378Z", 
    "object_repr": "Playoff Runner-Up - 2012", 
    "object_id": "25", 
    "change_message": "", 
    "user": 1, 
    "content_type": 11
  }
},
{
  "pk": 46, 
  "model": "admin.logentry", 
  "fields": {
    "action_flag": 1, 
    "action_time": "2014-10-26T06:45:09.316Z", 
    "object_repr": "Regular Season Champions - 2012", 
    "object_id": "26", 
    "change_message": "", 
    "user": 1, 
    "content_type": 11
  }
},
{
  "pk": 47, 
  "model": "admin.logentry", 
  "fields": {
    "action_flag": 1, 
    "action_time": "2014-10-26T06:45:18.819Z", 
    "object_repr": "Maurice Richard Trophy - 2012", 
    "object_id": "27", 
    "change_message": "", 
    "user": 1, 
    "content_type": 11
  }
},
{
  "pk": 48, 
  "model": "admin.logentry", 
  "fields": {
    "action_flag": 2, 
    "action_time": "2014-10-26T06:47:13.727Z", 
    "object_repr": "Regular Season Champions - 2012", 
    "object_id": "26", 
    "change_message": "Changed team.", 
    "user": 1, 
    "content_type": 11
  }
},
{
  "pk": 49, 
  "model": "admin.logentry", 
  "fields": {
    "action_flag": 1, 
    "action_time": "2014-10-26T06:47:36.877Z", 
    "object_repr": "Regular Season Runner-Up - 2012", 
    "object_id": "28", 
    "change_message": "", 
    "user": 1, 
    "content_type": 11
  }
},
{
  "pk": 50, 
  "model": "admin.logentry", 
  "fields": {
    "action_flag": 1, 
    "action_time": "2014-10-26T06:47:55.848Z", 
    "object_repr": "Conn Smythe Trophy - 2012", 
    "object_id": "29", 
    "change_message": "", 
    "user": 1, 
    "content_type": 11
  }
},
{
  "pk": 51, 
  "model": "admin.logentry", 
  "fields": {
    "action_flag": 1, 
    "action_time": "2014-10-26T06:49:00.059Z", 
    "object_repr": "Art Ross Trophy - 2012", 
    "object_id": "30", 
    "change_message": "", 
    "user": 1, 
    "content_type": 11
  }
},
{
  "pk": 52, 
  "model": "admin.logentry", 
  "fields": {
    "action_flag": 1, 
    "action_time": "2014-10-26T06:49:34.365Z", 
    "object_repr": "Hart Trophy - 2012", 
    "object_id": "31", 
    "change_message": "", 
    "user": 1, 
    "content_type": 11
  }
},
{
  "pk": 53, 
  "model": "admin.logentry", 
  "fields": {
    "action_flag": 1, 
    "action_time": "2014-10-26T06:50:20.332Z", 
    "object_repr": "Ted Lindsay Award - 2012", 
    "object_id": "32", 
    "change_message": "", 
    "user": 1, 
    "content_type": 11
  }
},
{
  "pk": 54, 
  "model": "admin.logentry", 
  "fields": {
    "action_flag": 1, 
    "action_time": "2014-10-26T06:50:42.215Z", 
    "object_repr": "Calder Trophy - 2012", 
    "object_id": "33", 
    "change_message": "", 
    "user": 1, 
    "content_type": 11
  }
},
{
  "pk": 55, 
  "model": "admin.logentry", 
  "fields": {
    "action_flag": 1, 
    "action_time": "2014-10-26T06:51:18.605Z", 
    "object_repr": "Vezina Trophy - 2012", 
    "object_id": "34", 
    "change_message": "", 
    "user": 1, 
    "content_type": 11
  }
},
{
  "pk": 56, 
  "model": "admin.logentry", 
  "fields": {
    "action_flag": 1, 
    "action_time": "2014-10-26T06:51:41.527Z", 
    "object_repr": "Norris Trophy - 2012", 
    "object_id": "35", 
    "change_message": "", 
    "user": 1, 
    "content_type": 11
  }
},
{
  "pk": 57, 
  "model": "admin.logentry", 
  "fields": {
    "action_flag": 1, 
    "action_time": "2014-10-26T07:08:07.423Z", 
    "object_repr": "Regular Season Champions - 2011", 
    "object_id": "36", 
    "change_message": "", 
    "user": 1, 
    "content_type": 11
  }
},
{
  "pk": 58, 
  "model": "admin.logentry", 
  "fields": {
    "action_flag": 1, 
    "action_time": "2014-10-26T07:08:17.027Z", 
    "object_repr": "Playoff Chamipions - 2011", 
    "object_id": "37", 
    "change_message": "", 
    "user": 1, 
    "content_type": 11
  }
},
{
  "pk": 59, 
  "model": "admin.logentry", 
  "fields": {
    "action_flag": 2, 
    "action_time": "2014-10-26T07:08:24.992Z", 
    "object_repr": "Playoff Chamipions - 2011", 
    "object_id": "37", 
    "change_message": "No fields changed.", 
    "user": 1, 
    "content_type": 11
  }
},
{
  "pk": 60, 
  "model": "admin.logentry", 
  "fields": {
    "action_flag": 1, 
    "action_time": "2014-10-26T07:08:38.799Z", 
    "object_repr": "Conn Smythe Trophy - 2011", 
    "object_id": "38", 
    "change_message": "", 
    "user": 1, 
    "content_type": 11
  }
},
{
  "pk": 61, 
  "model": "admin.logentry", 
  "fields": {
    "action_flag": 1, 
    "action_time": "2014-10-26T07:08:49.592Z", 
    "object_repr": "Vezina Trophy - 2011", 
    "object_id": "39", 
    "change_message": "", 
    "user": 1, 
    "content_type": 11
  }
},
{
  "pk": 62, 
  "model": "admin.logentry", 
  "fields": {
    "action_flag": 1, 
    "action_time": "2014-10-26T07:09:09.585Z", 
    "object_repr": "Regular Season Third Place - 2011", 
    "object_id": "40", 
    "change_message": "", 
    "user": 1, 
    "content_type": 11
  }
},
{
  "pk": 63, 
  "model": "admin.logentry", 
  "fields": {
    "action_flag": 1, 
    "action_time": "2014-10-26T07:09:22.302Z", 
    "object_repr": "Playoff Runner-Up - 2011", 
    "object_id": "41", 
    "change_message": "", 
    "user": 1, 
    "content_type": 11
  }
},
{
  "pk": 64, 
  "model": "admin.logentry", 
  "fields": {
    "action_flag": 1, 
    "action_time": "2014-10-26T07:09:37.379Z", 
    "object_repr": "Art Ross Trophy - 2011", 
    "object_id": "42", 
    "change_message": "", 
    "user": 1, 
    "content_type": 11
  }
},
{
  "pk": 65, 
  "model": "admin.logentry", 
  "fields": {
    "action_flag": 1, 
    "action_time": "2014-10-26T07:09:45.365Z", 
    "object_repr": "Ted Lindsay Award - 2011", 
    "object_id": "43", 
    "change_message": "", 
    "user": 1, 
    "content_type": 11
  }
},
{
  "pk": 66, 
  "model": "admin.logentry", 
  "fields": {
    "action_flag": 2, 
    "action_time": "2014-10-26T07:09:56.256Z", 
    "object_repr": "Art Ross Trophy - 2011", 
    "object_id": "42", 
    "change_message": "Changed player.", 
    "user": 1, 
    "content_type": 11
  }
},
{
  "pk": 67, 
  "model": "admin.logentry", 
  "fields": {
    "action_flag": 2, 
    "action_time": "2014-10-26T07:10:07.724Z", 
    "object_repr": "Ted Lindsay Award - 2011", 
    "object_id": "43", 
    "change_message": "Changed player.", 
    "user": 1, 
    "content_type": 11
  }
},
{
  "pk": 68, 
  "model": "admin.logentry", 
  "fields": {
    "action_flag": 2, 
    "action_time": "2014-10-26T07:10:55.608Z", 
    "object_repr": "Ted Lindsay Award - 2011", 
    "object_id": "43", 
    "change_message": "Changed player.", 
    "user": 1, 
    "content_type": 11
  }
},
{
  "pk": 69, 
  "model": "admin.logentry", 
  "fields": {
    "action_flag": 2, 
    "action_time": "2014-10-26T07:11:02.101Z", 
    "object_repr": "Art Ross Trophy - 2011", 
    "object_id": "42", 
    "change_message": "Changed player.", 
    "user": 1, 
    "content_type": 11
  }
},
{
  "pk": 70, 
  "model": "admin.logentry", 
  "fields": {
    "action_flag": 1, 
    "action_time": "2014-10-26T07:11:28.690Z", 
    "object_repr": "Selke Trophy - 2011", 
    "object_id": "44", 
    "change_message": "", 
    "user": 1, 
    "content_type": 11
  }
},
{
  "pk": 71, 
  "model": "admin.logentry", 
  "fields": {
    "action_flag": 1, 
    "action_time": "2014-10-26T07:12:00.463Z", 
    "object_repr": "Hart Trophy - 2011", 
    "object_id": "45", 
    "change_message": "", 
    "user": 1, 
    "content_type": 11
  }
},
{
  "pk": 72, 
  "model": "admin.logentry", 
  "fields": {
    "action_flag": 1, 
    "action_time": "2014-10-26T07:12:07.497Z", 
    "object_repr": "Maurice Richard Trophy - 2011", 
    "object_id": "46", 
    "change_message": "", 
    "user": 1, 
    "content_type": 11
  }
},
{
  "pk": 73, 
  "model": "admin.logentry", 
  "fields": {
    "action_flag": 1, 
    "action_time": "2014-10-26T07:12:32.313Z", 
    "object_repr": "Calder Trophy - 2011", 
    "object_id": "47", 
    "change_message": "", 
    "user": 1, 
    "content_type": 11
  }
},
{
  "pk": 74, 
  "model": "admin.logentry", 
  "fields": {
    "action_flag": 2, 
    "action_time": "2014-10-26T07:37:56.672Z", 
    "object_repr": "Ben", 
    "object_id": "1", 
    "change_message": "Changed mascot_image.", 
    "user": 1, 
    "content_type": 8
  }
}
]
